{"physics":{"timeScale":1,"friction":0.195,"maxForce":2.605,"maxVelocity":0.699,"separationDistance":4.506,"attractionDistance":2.068,"separationForce":1,"attractionForce":1,"attractionAttack":1.007,"attractionDecay":0.701,"attractionGain":0.776,"separationPower":1.489},"attraction":{"nbTypes":3,"values":[-1,1,1,1,0,0,0,0,1,-1,1,1,0,0,0,0,1,1,-1,1,0,0,0,0,1,1,1,-1,0,0,0,0,0,0,0,0,0,0,0,0,0,0,0,0,0,0,0,0,0,0,0,0,0,0,0,0,0,0,0,0,0,0,0,0],"response":2,"useNoise":false,"noiseTimeScale":0.063,"noiseFrequency":1.13,"noiseAmplitude":1},"appearance":{"palette":"Custom","shape":9,"particleSize":0.22,"particleSmoothness":0.031,"velToSize":false,"velToAlpha":false,"orientToVel":true,"makeAnular":false,"additive":false,"customColors":[16777215,16733695,5636095,0,0,0,0,0],"customBackgroundColor":0,"customFrameColor":16777215,"afterImage":false},"pointer":{"attraction":-0.678,"strength":4.31,"range":21.747}}